domain,count,url,status_code
co-clinton-oh.data.socrata.com,0,https://co-clinton-oh.data.socrata.com/,200
data.permits.performance.gov,86,https://data.permits.performance.gov/,200
data.auburnwa.gov,77,https://data.auburnwa.gov/,200
datapoints.dallascityhall.com,341,https://datapoints.dallascityhall.com/,200
data.ct.gov,1256,https://data.ct.gov/,200
noaa-fisheries-garfo.data.socrata.com,7,https://noaa-fisheries-garfo.data.socrata.com/,200
opengov.cityofdubuque.org,216,https://opengov.cityofdubuque.org/,200
tni.princegeorgescountymd.gov,0,https://tni.princegeorgescountymd.gov/,200
data.naperville.il.us,282,https://data.naperville.il.us/,200
dubuque.data.socrata.com,6,https://dubuque.data.socrata.com/,200
ontario.demo.socrata.com,15,https://ontario.demo.socrata.com/,200
cityofindianwells.data.socrata.com,3,https://cityofindianwells.data.socrata.com/,200
bronx.lehman.cuny.edu,762,https://bronx.lehman.cuny.edu/,200
data.cityofgainesville.org,258,https://data.cityofgainesville.org/,200
data.nashville.gov,144,http://data.nashville.gov,0
cityofyorbalinda.data.socrata.com,1,https://cityofyorbalinda.data.socrata.com/,200
ita.data.commerce.gov,31,http://ita.data.commerce.gov,0
opendata.fcc.gov,99,https://opendata.fcc.gov/,200
data.kcmo.org,1559,https://data.kcmo.org/,200
performance.princegeorgescountymd.gov,523,https://performance.princegeorgescountymd.gov/,200
www.data.va.gov,0,http://www.data.va.gov,0
ntis.data.commerce.gov,1,https://ntis.data.commerce.gov/,200
policeview.johnscreekga.gov,76,https://policeview.johnscreekga.gov/,200
information.stpaul.gov,153,https://information.stpaul.gov/,200
www.data.act.gov.au,1038,https://www.data.act.gov.au/,200
fontana.data.socrata.com,0,https://fontana.data.socrata.com/,200
hartstat.hartford.gov,0,https://hartstat.hartford.gov/,200
data.cityofchicago.org,1489,https://data.cityofchicago.org/,200
data.colorado.gov,1796,https://data.colorado.gov/,200
norfolk-performance.demo.socrata.com,9,https://norfolk-performance.demo.socrata.com/,200
midashboard-staging-sandbox.demo.socrata.com,23,http://midashboard-staging-sandbox.demo.socrata.com,0
data.ohiocourtofclaims.gov,29,https://data.ohiocourtofclaims.gov/,200
bcnv-internal.data.socrata.com,0,https://bcnv-internal.data.socrata.com/login,200
data.novascotia.ca,926,http://data.novascotia.ca,0
opendata.mass-cannabis-control.com,43,https://opendata.mass-cannabis-control.com/,200
va-drpt.data.socrata.com,227,https://va-drpt.data.socrata.com/login,200
johnstonia.data.socrata.com,6,https://johnstonia.data.socrata.com/,200
internal.agtransport.usda.gov,239,http://internal.agtransport.usda.gov,0
data.countyofriverside.us,50,https://data.countyofriverside.us/,200
sharefulton.fultoncountyga.gov,748,http://sharefulton.fultoncountyga.gov,0
cityofsunprairie.data.socrata.com,0,http://cityofsunprairie.data.socrata.com,0
www.dallasopendata.com,1069,https://www.dallasopendata.com/,200
grovecityoh.data.socrata.com,2,https://grovecityoh.data.socrata.com/,200
nassaucountycircuitcourt.data.socrata.com,8,http://nassaucountycircuitcourt.data.socrata.com,0
data.livewellsd.org,240,http://data.livewellsd.org,403
austin-aph.data.socrata.com,0,http://austin-aph.data.socrata.com,0
internal.chattadata.org,511,http://internal.chattadata.org,0
opendata.utah.gov,7735,https://opendata.utah.gov/,200
data.cincinnati-oh.gov,155,https://data.cincinnati-oh.gov/,200
healthdata.nj.gov,277,https://healthdata.nj.gov/,200
radnortownship.data.socrata.com,1,https://radnortownship.data.socrata.com/,200
douglasco.data.socrata.com,11,https://douglasco.data.socrata.com/,200
mansfieldma.data.socrata.com,2,https://mansfieldma.data.socrata.com/,200
ogunquit.data.socrata.com,4,https://ogunquit.data.socrata.com/,200
opendata.ramseycounty.us,598,https://opendata.ramseycounty.us/,200
www.pivcide.pr,70,http://www.pivcide.pr,0
citydata.mesaaz.gov,708,https://citydata.mesaaz.gov/login,200
performance.cityofrc.us,108,http://performance.cityofrc.us,0
capegirardeau.data.socrata.com,2,http://capegirardeau.data.socrata.com,0
highways.hidot.hawaii.gov,291,http://highways.hidot.hawaii.gov,0
hicscdata.hawaii.gov,66,https://hicscdata.hawaii.gov/,200
sbcounty-health-op-beta.demo.socrata.com,8,https://sbcounty-health-op-beta.demo.socrata.com/,200
sfgov-scgc.demo.socrata.com,0,http://sfgov-scgc.demo.socrata.com,0
data.cityofgp.com,104,http://data.cityofgp.com,0
stat.cityofgainesville.org,799,http://stat.cityofgainesville.org/,200
dashboard.edmonton.ca,292,http://dashboard.edmonton.ca,0
townofblufftonsc.data.socrata.com,5,https://townofblufftonsc.data.socrata.com/,200
hallandalebeachfl.data.socrata.com,1,https://hallandalebeachfl.data.socrata.com/,200
encinitasca-internal.data.socrata.com,0,http://encinitasca-internal.data.socrata.com,0
performance.providenceri.gov,39,https://performance.providenceri.gov/,200
data.providenceri.gov,297,https://data.providenceri.gov/,200
beta.healthdata.gov,5,https://beta.healthdata.gov/,200
data.energystar.gov,117,https://www.energystar.gov/productfinder/advanced,200
data.norfolk.gov,95,https://data.norfolk.gov/,200
cityofchesapeake.data.socrata.com,8,https://cityofchesapeake.data.socrata.com/,200
dashboarddata.caloes.ca.gov,30,https://dashboarddata.caloes.ca.gov/login,200
data.sccgov.org,184,https://data.sccgov.org/,200
cityofchicago-v2.demo.socrata.com,8,https://cityofchicago-v2.demo.socrata.com/,200
data.cityoftacoma.org,371,https://data.cityoftacoma.org/,200
michigan-data.demo.socrata.com,36,https://michigan-data.demo.socrata.com/,200
cityoflaramie.data.socrata.com,2,https://cityoflaramie.data.socrata.com/,200
dovernh.data.socrata.com,2,https://dovernh.data.socrata.com/,200
opendata.maryland.gov,1639,https://opendata.maryland.gov/,200
data.oregon.gov,2231,https://data.oregon.gov/,200
data.tompsc.com,34,https://data.tompsc.com/,200
datacatalog.cookcountyil.gov,638,https://datacatalog.cookcountyil.gov/,200
data.iowa.gov,18,https://data.iowa.gov/,200
ascensionparishla.data.socrata.com,5,https://ascensionparishla.data.socrata.com/login,200
data.mo.gov,307,https://data.mo.gov/,200
como.data.socrata.com,6,https://como.data.socrata.com/,200
opelika-al.data.socrata.com,0,https://opelika-al.data.socrata.com/login,200
performance.austintexas.gov,49,https://data.austintexas.gov/stories/s/59fp-raw5,200
lacoso.data.socrata.com,8,https://lacoso.data.socrata.com/,200
cityofinverness.data.socrata.com,0,https://cityofinverness.data.socrata.com/,200
data.ojp.usdoj.gov,1,https://data.ojp.usdoj.gov/,200
data.sfgov.org,1092,https://datasf.org/opendata/,200
hidot-contracts.data.socrata.com,11,https://hidot-contracts.data.socrata.com/login,200
townofmiamilakes.data.socrata.com,13,http://townofmiamilakes.data.socrata.com,0
metroairports.data.socrata.com,38,http://metroairports.data.socrata.com,0
data.fortworthtexas.gov,12,http://data.fortworthtexas.gov,0
morrisvillenc.data.socrata.com,0,https://morrisvillenc.data.socrata.com/login,200
data.montgomerycountymd.gov,858,https://data.montgomerycountymd.gov/,200
dashboard.plano.gov,133,https://dashboard.plano.gov/,200
eda.data.commerce.gov,1,https://eda.data.commerce.gov/,200
woburnma.data.socrata.com,3,https://woburnma.data.socrata.com/,200
albanycountyny.data.socrata.com,2,https://albanycountyny.data.socrata.com/login,200
data.sonomacounty.ca.gov,222,https://data.sonomacounty.ca.gov/,200
centennialco.data.socrata.com,9,https://centennialco.data.socrata.com/,200
data.macoupincountyil.gov,45,https://data.macoupincountyil.gov/,200
data.montgomeryschoolsmd.org,246,https://data.montgomeryschoolsmd.org/,200
mydata.iadb.org,102,https://mydata.iadb.org/,200
data.debtwatch.treasurer.ca.gov,144,https://data.debtwatch.treasurer.ca.gov/,200
data.sustainablesm.org,163,https://data.sustainablesm.org/,200
vusd.data.socrata.com,0,https://vusd.data.socrata.com/,200
bloomington.data.socrata.com,6,https://bloomington.data.socrata.com/,200
data.wa.gov,2960,https://data.wa.gov/,200
beaufortcountysc.data.socrata.com,2,https://beaufortcountysc.data.socrata.com/,200
michigan.data.socrata.com,0,https://michigan.data.socrata.com/,200
usvi.data.socrata.com,3,https://usvi.data.socrata.com/,200
data.marincounty.org,358,https://data.marincounty.org/,200
marysvillewa.data.socrata.com,10,https://marysvillewa.data.socrata.com/,200
data.qac.org,63,http://data.qac.org,0
doralfl.data.socrata.com,5,http://doralfl.data.socrata.com,0
transparencyarchive.michigan.gov,279,https://transparencyarchive.michigan.gov/,200
cityofsitka.data.socrata.com,0,http://cityofsitka.data.socrata.com,0
usac-scgc.data.socrata.com,0,https://usac-scgc.data.socrata.com/login,200
data.hampton.gov,42,https://data.hampton.gov/,200
lafourchegov.data.socrata.com,5,http://lafourchegov.data.socrata.com,0
performance.carson.org,22,http://performance.carson.org,503
gnb.socrata.com,248,http://gnb.socrata.com,0
ormondbeach.data.socrata.com,0,https://ormondbeach.data.socrata.com/,200
austin-internal.data.socrata.com,1,https://austin-internal.data.socrata.com/login,200
bronx-lehman-cuny-staging.data.socrata.com,1,https://bronx-lehman-cuny-staging.data.socrata.com/,200
atlanta.data.socrata.com,4,https://atlanta.data.socrata.com/,200
data.brla.gov,223,http://data.brla.gov,0
covid19.buffalony.gov,1,http://covid19.buffalony.gov,0
covid19response.buffalony.gov,72,http://covid19response.buffalony.gov,0
cravenso.data.socrata.com,0,https://cravenso.data.socrata.com/,200
opendata.cityofhenderson.com,19,http://opendata.cityofhenderson.com,0
williamsoncountyschools.data.socrata.com,9,https://williamsoncountyschools.data.socrata.com/,200
newportbeachca.data.socrata.com,53,https://newportbeachca.data.socrata.com/,200
open.piercecountywa.gov,251,https://open.piercecountywa.gov/,200
mbda.data.commerce.gov,0,https://mbda.data.commerce.gov/,200
mi-treasury.data.socrata.com,85,https://mi-treasury.data.socrata.com/,200
esa.data.commerce.gov,0,https://esa.data.commerce.gov/,200
cityofnampa.data.socrata.com,0,https://cityofnampa.data.socrata.com/login,200
nasa-test-0.demo.socrata.com,31170,https://nasa-test-0.demo.socrata.com/,200
performance.smcgov.org,2313,https://performance.smcgov.org/,200
ca-sco.demo.socrata.com,36,https://ca-sco.demo.socrata.com/,200
perspectives.dnrec.delaware.gov,46,https://perspectives.dnrec.delaware.gov/,200
costamesaca.data.socrata.com,0,https://costamesaca.data.socrata.com/,200
data.alaska.gov,29,https://data.alaska.gov/,200
idahosupremecourt-internal.data.socrata.com,99,https://idahosupremecourt-internal.data.socrata.com/login,200
ntia.data.commerce.gov,31,https://ntia.data.commerce.gov/,200
franklincountyohio.data.socrata.com,5,https://franklincountyohio.data.socrata.com/,200
data.usaid.gov,1371,https://data.usaid.gov/,200
data.littlerock.gov,138,https://data.littlerock.gov/,200
www.opendatanyc.com,6,https://www.opendatanyc.com/,200
data.memphistn.gov,210,http://data.memphistn.gov,0
data.medicare.gov,155,https://data.cms.gov/provider-data/?redirect=true,200
data.oxnard.org,23,https://data.oxnard.org/,200
ccsd.data.socrata.com,1,https://ccsd.data.socrata.com/,200
opendata.howardcountymd.gov,170,https://opendata.howardcountymd.gov/,200
effinghamil.data.socrata.com,0,https://effinghamil.data.socrata.com/,200
bellevue.data.socrata.com,122,https://bellevue.data.socrata.com/,200
coconinocountyaz.data.socrata.com,3,https://coconinocountyaz.data.socrata.com/,200
data.seattle.gov,1026,https://data.seattle.gov/,200
data.greensboro-nc.gov,52,https://data.greensboro-nc.gov/,200
bloomfieldct.data.socrata.com,2,https://bloomfieldct.data.socrata.com/,200
agtransport.usda.gov,3,https://agtransport.usda.gov/,200
opendata.cityofmesquite.com,5,https://opendata.cityofmesquite.com/,200
lawrencevillega.data.socrata.com,1,https://lawrencevillega.data.socrata.com/,200
isc-v2.data.socrata.com,50,https://isc-v2.data.socrata.com/login,200
www.chattadata.org,204,http://www.chattadata.org,0
georgetowndividepud.data.socrata.com,0,https://georgetowndividepud.data.socrata.com/,200
rivierabch.data.socrata.com,0,https://rivierabch.data.socrata.com/,200
dcsheriff.data.socrata.com,5,https://dcsheriff.data.socrata.com/,200
noaa-fisheries-hq.data.socrata.com,35,https://noaa-fisheries-hq.data.socrata.com/,200
data.culvercity.org,49,https://data.culvercity.org/,200
data.montgomeryal.gov,153,https://opendata.montgomeryal.gov,200
data.richmondgov.com,89,https://data.richmondgov.com/,200
stat.montgomerycountymd.gov,5400,https://stat.montgomerycountymd.gov/,200
newtoncountyga.data.socrata.com,1,https://newtoncountyga.data.socrata.com/,200
performance.fultoncountyga.gov,668,https://performance.fultoncountyga.gov/,200
datahub.smcgov.org,1424,https://datahub.smcgov.org/,200
data.orcities.org,78,https://data.orcities.org/,200
celebratingcities.data.socrata.com,92,https://celebratingcities.data.socrata.com/,200
datadiscovery.nlm.nih.gov,24,https://datadiscovery.nlm.nih.gov/,200
buffalogroveil.data.socrata.com,0,https://buffalogroveil.data.socrata.com/,200
moreheadcitync.data.socrata.com,1,https://moreheadcitync.data.socrata.com/,200
data.transportation.gov,4,http://data.transportation.gov,0
generalitatdecatalunya-scgc.demo.socrata.com,0,https://generalitatdecatalunya-scgc.demo.socrata.com/,200
conyersga.data.socrata.com,5,https://conyersga.data.socrata.com/,200
data.cityofevanston.org,368,https://data.cityofevanston.org/,200
courtdata.idaho.gov,0,https://courtdata.idaho.gov/,200
data.tuscaloosa.com,14,https://data.tuscaloosa.com/,200
pennsylvania.demo.socrata.com,14,https://pennsylvania.demo.socrata.com/,200
corstat.coronaca.gov,180,https://corstat.coronaca.gov/,200
data.delaware.gov,289,https://data.delaware.gov/,200
fwisd.data.socrata.com,2,https://fwisd.data.socrata.com/,200
data.readingpa.gov,55,https://data.readingpa.gov/,200
capecoral.data.socrata.com,3,https://capecoral.data.socrata.com/,200
cityofalbany.data.socrata.com,5,http://cityofalbany.data.socrata.com,0
redmond-demo.demo.socrata.com,2,https://redmond-demo.demo.socrata.com/,200
stutsman.data.socrata.com,16,https://stutsman.data.socrata.com/,200
unioncountyoh.data.socrata.com,2,https://unioncountyoh.data.socrata.com/,200
beaufortcountyschools.data.socrata.com,4,https://beaufortcountyschools.data.socrata.com/,200
texas-scgc2.demo.socrata.com,1,https://texas-scgc2.demo.socrata.com/login,200
bcnv.data.socrata.com,14,https://bcnv.data.socrata.com/,200
wsac.demo.socrata.com,9,https://wsac.demo.socrata.com/,200
auditor-ca.demo.socrata.com,33,https://auditor-ca.demo.socrata.com/,200
performance.cookcountyil.gov,42,https://performance.cookcountyil.gov/,200
fiscalfocus.pittsburghpa.gov,20,https://fiscalfocus.pittsburghpa.gov/,200
data.muni.org,82,https://data.muni.org/,200
mtdesert.data.socrata.com,8,https://mtdesert.data.socrata.com/,200
noaa.data.commerce.gov,18,https://noaa.data.commerce.gov/,200
moreno-valley.data.socrata.com,1,https://moreno-valley.data.socrata.com/,200
delawarestate.data.socrata.com,0,https://delawarestate.data.socrata.com/login,200
data.winnipeg.ca,917,https://data.winnipeg.ca/,200
parkeronline.data.socrata.com,43,https://parkeronline.data.socrata.com/,200
statmo.data.socrata.com,440,http://statmo.data.socrata.com,0
data.exim.gov,4,http://data.exim.gov,0
palmcoastfl.data.socrata.com,2,https://palmcoastfl.data.socrata.com/,200
priv-data.ojp.usdoj.gov,50,http://priv-data.ojp.usdoj.gov,0
corvallisoregon-internal.data.socrata.com,1,https://corvallisoregon-internal.data.socrata.com/login,200
data.bayareametro.gov,341,https://data.bayareametro.gov/login,200
calgary.data.socrata.com,0,https://calgary.data.socrata.com/login,200
internal.open.piercecountywa.gov,2086,http://internal.open.piercecountywa.gov,0
seattleperformance.demo.socrata.com,3,https://seattleperformance.demo.socrata.com/,200
bentoncounty.data.socrata.com,2,https://bentoncounty.data.socrata.com/,200
newportbeachca-odp.data.socrata.com,0,https://newportbeachca-odp.data.socrata.com/,200
kc-performance.demo.socrata.com,16,https://kc-performance.demo.socrata.com/,200
cityoffairfaxpd.data.socrata.com,2,https://cityoffairfaxpd.data.socrata.com/,200
data.americorps.gov,996,http://data.americorps.gov,0
texas-scgc3.demo.socrata.com,0,https://texas-scgc3.demo.socrata.com/login,200
www.datahub.va.gov,2075,http://www.datahub.va.gov,0
annapolismd.data.socrata.com,1,https://annapolismd.data.socrata.com/login,200
vdh-richmondcity.demo.socrata.com,16,https://vdh-richmondcity.demo.socrata.com/,200
www.transparentrichmond.org,440,http://www.transparentrichmond.org,0
stlouiscounty-performance.demo.socrata.com,4,http://stlouiscounty-performance.demo.socrata.com,0
data.strathcona.ca,349,https://data.strathcona.ca/,200
jcps.data.socrata.com,4,http://jcps.data.socrata.com,0
data.austintexas.gov,3047,https://data.austintexas.gov/,200
iop.data.socrata.com,5,https://iop.data.socrata.com/,200
scarboroughmaine.data.socrata.com,0,https://scarboroughmaine.data.socrata.com/login,200
cityoftracyca.data.socrata.com,0,https://cityoftracyca.data.socrata.com/,200
woodburycountyia.data.socrata.com,0,https://woodburycountyia.data.socrata.com/,200
yorkcountyva.data.socrata.com,2,https://yorkcountyva.data.socrata.com/,200
clemsonsc.data.socrata.com,0,https://clemsonsc.data.socrata.com/,200
idp.nz,100,https://idp.nz/,200
stat.stpete.org,587,https://stat.stpete.org/,200
data.pa.gov,431,https://data.pa.gov/,200
westgoshenpa.data.socrata.com,1,https://westgoshenpa.data.socrata.com/,200
hobbsnm.data.socrata.com,2,https://hobbsnm.data.socrata.com/,200
data.cstx.gov,56,https://data.cstx.gov/,200
westdesmoines.data.socrata.com,0,https://westdesmoines.data.socrata.com/,200
uspto.data.commerce.gov,67,https://uspto.data.commerce.gov/,200
mischooldata.data.socrata.com,49,https://mischooldata.data.socrata.com/,200
internal-portlandme.data.socrata.com,0,https://internal-portlandme.data.socrata.com/login,200
mydata.iowa.gov,1587,https://mydata.iowa.gov/login,200
data.coloradosprings.gov,58,https://data.coloradosprings.gov/,200
clatsop.data.socrata.com,7,https://clatsop.data.socrata.com/,200
noaa-fisheries.data.socrata.com,3,https://noaa-fisheries.data.socrata.com/,200
controllerdata.lacity.org,588,https://lacontroller.org/controlpanel-la/,200
data.sandiegocounty.gov,35,https://www.sandiegocounty.gov/content/sdc/data.html,200
fortlauderdale.data.socrata.com,194,https://fortlauderdale.data.socrata.com/,200
austin-metro.demo.socrata.com,64,https://austin-metro.demo.socrata.com/,200
noaa-fisheries-swfsc.data.socrata.com,134,https://noaa-fisheries-swfsc.data.socrata.com/,200
hagerstownmd.data.socrata.com,4,https://hagerstownmd.data.socrata.com/,200
data.oce.pr.gov,73,https://data.oce.pr.gov/,200
casagrandeaz.data.socrata.com,3,https://casagrandeaz.data.socrata.com/,200
data.healthcare.gov,294,https://data.healthcare.gov/,200
opennassau.nassaucountyny.gov,114,https://opennassau.nassaucountyny.gov/,200
cookcounty.data.socrata.com,111,https://cookcounty.data.socrata.com/login,200
data.framinghamma.gov,46,https://data.framinghamma.gov/,200
mobileal.data.socrata.com,3,https://mobileal.data.socrata.com/,200
laramiecounty.data.socrata.com,5,https://laramiecounty.data.socrata.com/,200
midashboard-staging.demo.socrata.com,8,https://midashboard-staging.demo.socrata.com/,200
data.kingcounty.gov,543,https://data.kingcounty.gov/,200
data.nj.gov,498,https://data.nj.gov/,200
healthstat.dph.sbcounty.gov,227,https://healthstat.dph.sbcounty.gov/,200
data.vermont.gov,267,https://data.vermont.gov/,200
data.cityofnewyork.us,3089,https://opendata.cityofnewyork.us/,200
pip.nashville.gov,0,http://pip.nashville.gov,0
checkbooknyc.socrata.com,37,https://checkbooknyc.socrata.com/,200
data.lacity.org,1645,https://data.lacity.org/,200
austin-energy.data.socrata.com,8,https://austin-energy.data.socrata.com/login,200
kingcounty-op-beta.demo.socrata.com,0,https://kingcounty-op-beta.demo.socrata.com/,200
data.douglas.co.us,13,https://data.douglas.co.us/,200
opendata.clermontauditor.org,32,https://opendata.clermontauditor.org/login,200
dashboard.hawaii.gov,1090,http://dashboard.hawaii.gov,403
data.buffalony.gov,226,http://data.buffalony.gov,0
andoverma.data.socrata.com,1,https://andoverma.data.socrata.com/,200
austintexas-op-beta.demo.socrata.com,13,https://austintexas-op-beta.demo.socrata.com/,200
performance.cityofhenderson.com,120,https://performance.cityofhenderson.com/login,200
rrps.data.socrata.com,4,https://rrps.data.socrata.com/,200
cityoffairbanks.data.socrata.com,0,http://cityoffairbanks.data.socrata.com,0
census.data.commerce.gov,212,https://census.data.commerce.gov/,200
performance-archive.cookcountyil.gov,279,https://performance-archive.cookcountyil.gov/,200
data.hawaii.gov,1314,http://data.hawaii.gov,403
college-station-tx.demo.socrata.com,0,https://college-station-tx.demo.socrata.com/,200
wccusd.data.socrata.com,4,https://wccusd.data.socrata.com/,200
data.ramseycounty.us,378,https://data.ramseycounty.us/login,200
stpetersburg-op-beta.demo.socrata.com,0,https://stpetersburg-op-beta.demo.socrata.com/,200
newcastle-internal.data.socrata.com,0,https://newcastle-internal.data.socrata.com/login,200
baycountymi.data.socrata.com,10,https://baycountymi.data.socrata.com/,200
oaisd.data.socrata.com,0,https://oaisd.data.socrata.com/login,200
openpaymentsdata.cms.gov,25,https://openpaymentsdata.cms.gov/,200
cthru.data.socrata.com,722,https://cthru.data.socrata.com/,200
performance.cityofcamas.us,414,https://performance.cityofcamas.us/,200
alexandercountync.data.socrata.com,5,https://alexandercountync.data.socrata.com/,200
townofdennis.data.socrata.com,0,https://townofdennis.data.socrata.com/,200
data.medicaid.gov,3612,http://data.medicaid.gov,0
performance.ci.janesville.wi.us,210,http://performance.ci.janesville.wi.us,0
data.lacounty.gov,607,http://data.lacounty.gov,0
sanbernardino-covid-19-response.data.socrata.com,4,https://sanbernardino-covid-19-response.data.socrata.com/login,200
mcala.data.socrata.com,0,https://mcala.data.socrata.com/,200
jerseyvillagetx.data.socrata.com,10,https://jerseyvillagetx.data.socrata.com/,200
data.weho.org,86,https://data.weho.org/,200
northbayvillagefl.data.socrata.com,20,http://northbayvillagefl.data.socrata.com,0
internal-ct.data.socrata.com,1,https://internal-ct.data.socrata.com/login,200
data.roseville.ca.us,41,https://data.roseville.ca.us/,200
cutlerbay-fl.data.socrata.com,1,http://cutlerbay-fl.data.socrata.com,0
usc.data.socrata.com,471,https://usc.data.socrata.com/,200
data.albanyny.gov,54,http://data.albanyny.gov,0
data.smcgov.org,50,https://data.smcgov.org/,200
data.edd.ca.gov,492,https://data.edd.ca.gov/,200
plymouth-ma.data.socrata.com,6,https://plymouth-ma.data.socrata.com/,200
albany.data.socrata.com,5,https://albany.data.socrata.com/,200
data.calgary.ca,778,http://data.calgary.ca,0
sidneyoh.data.socrata.com,2,http://sidneyoh.data.socrata.com,0
performance.cityofdavenportiowa.com,82,https://performance.cityofdavenportiowa.com/,200
newcastle.data.socrata.com,3,http://newcastle.data.socrata.com,0
data.everettwa.gov,222,https://data.everettwa.gov/,200
austin-tara.data.socrata.com,6,https://austin-tara.data.socrata.com/login,200
data.redmond.gov,48,https://data.redmond.gov/,200
data.miamigov.com,13,https://data.miamigov.com/,200
missouricitytx.data.socrata.com,1,https://missouricitytx.data.socrata.com/,200
soquelcreekwdca.data.socrata.com,14,https://soquelcreekwdca.data.socrata.com/,200
brec.data.socrata.com,0,https://brec.data.socrata.com/,200
insights.cincinnati-oh.gov,65,https://insights.cincinnati-oh.gov/stories/s/Cincinnati-INsights/s59x-yqy3,200
ethica-pr.data.socrata.com,0,https://ethica-pr.data.socrata.com/,200
garfieldcountyco.data.socrata.com,0,https://garfieldcountyco.data.socrata.com/,200
data.texas.gov,1258,https://data.texas.gov/,200
data.baltimorecity.gov,2368,https://data.baltimorecity.gov/,200
pinellasparkpd.data.socrata.com,6,https://pinellasparkpd.data.socrata.com/,200
caravanstudios.data.socrata.com,5,https://caravanstudios.data.socrata.com/,200
camden.demo.socrata.com,20,https://camden.demo.socrata.com/,200
boulderco.data.socrata.com,4,http://boulderco.data.socrata.com,0
murfreesboro.data.socrata.com,6,http://murfreesboro.data.socrata.com,0
purcellville.data.socrata.com,8,https://purcellville.data.socrata.com/,200
ogdencity.data.socrata.com,6,https://ogdencity.data.socrata.com/,200
orangecountync.data.socrata.com,0,https://orangecountync.data.socrata.com/,200
performance.seattle.gov,1128,https://performance.seattle.gov/stories/s/596j-asv2,200
internal-columbusschools.data.socrata.com,0,https://internal-columbusschools.data.socrata.com/login,200
healthstat-sbcounty-staging.data.socrata.com,1,https://healthstat-sbcounty-staging.data.socrata.com/,200
www.datos.gov.co,10731,https://www.datos.gov.co/,200
brookhavenga.data.socrata.com,3,https://brookhavenga.data.socrata.com/,200
shawneesheriff.data.socrata.com,18,https://shawneesheriff.data.socrata.com/,200
data.datacenterresearch.org,46,https://data.datacenterresearch.org/,200
performance.franklintn.gov,151,https://performance.franklintn.gov/,200
data.princegeorgescountymd.gov,77,https://data.princegeorgescountymd.gov/,200
data.nola.gov,240,https://datadriven.nola.gov/home/,200
lynnfieldma.data.socrata.com,4,https://lynnfieldma.data.socrata.com/,200
data.bts.gov,207,https://data.bts.gov/,200
data.edmonton.ca,2205,http://data.edmonton.ca,0
janesville.data.socrata.com,96,http://janesville.data.socrata.com,0
data.grandrapidsmi.gov,695,https://data.grandrapidsmi.gov/,200
opendata.usac.org,34,https://opendata.usac.org/,200
cityofmonroeoh.data.socrata.com,3,http://cityofmonroeoh.data.socrata.com,0
data.cambridgema.gov,297,http://data.cambridgema.gov,0
opendata.fcgov.com,215,http://opendata.fcgov.com,0
data.fultoncountyga.gov,76,https://data.fultoncountyga.gov/,200
nyc-scgc.data.socrata.com,10,https://nyc-scgc.data.socrata.com/,200
humboldtgov.data.socrata.com,18,https://humboldtgov.data.socrata.com/,200
highlandsranch.data.socrata.com,22,https://highlandsranch.data.socrata.com/,200
midashboard.michigan.gov,485,http://midashboard.michigan.gov,0
mercedpd.data.socrata.com,0,https://mercedpd.data.socrata.com/,200
noaa-fisheries-afsc.data.socrata.com,290,https://noaa-fisheries-afsc.data.socrata.com/,200
data.pr.gov,179,https://data.pr.gov/,200
health.data.ny.gov,545,https://health.data.ny.gov/,200
performance.commerce.gov,603,https://performance.commerce.gov/,200
data.melbourne.vic.gov.au,221,https://data.melbourne.vic.gov.au/,200
data.waterpointdata.org,104,https://data.waterpointdata.org/,200
chronicdata.cdc.gov,435,https://chronicdata.cdc.gov/,200
data.pinellas.gov,630,https://data.pinellas.gov/,200
sdc-stories.demo.socrata.com,15,https://sdc-stories.demo.socrata.com/,200
whitebeartownshipmn.data.socrata.com,1,https://whitebeartownshipmn.data.socrata.com/,200
data.somervillema.gov,78,https://data.somervillema.gov/,200
mesa-az.demo.socrata.com,49,https://mesa-az.demo.socrata.com/,200
data.nasa.gov,27864,https://nasa.github.io/data-nasa-gov-frontpage/,200
aces.data.socrata.com,1,https://aces.data.socrata.com/login,200
greensboroperformance.demo.socrata.com,122,https://greensboroperformance.demo.socrata.com/,200
townofaddisontx.data.socrata.com,4,https://townofaddisontx.data.socrata.com/,200
datahub.transportation.gov,3875,https://datahub.transportation.gov/login,200
weslacotx.data.socrata.com,1,https://weslacotx.data.socrata.com/,200
data.hartford.gov,201,https://data.hartford.gov/,200
kcstat.kcmo.org,293,http://kcstat.kcmo.org,0
data.michigan.gov,494,https://data.michigan.gov/,200
data.communityvitalsigns.org,136,https://data.communityvitalsigns.org/,200
alpharetta.data.socrata.com,50,https://alpharetta.data.socrata.com/,200
data.virginia.gov,105,http://data.virginia.gov,0
data.ftb.ca.gov,98,http://data.ftb.ca.gov,0
siouxfalls.data.socrata.com,17,http://siouxfalls.data.socrata.com,0
data.urbanaillinois.us,46,http://data.urbanaillinois.us,0
dcwater-opendata.socrata.com,40,https://dcwater-opendata.socrata.com/,200
data.cityofberkeley.info,77,https://data.cityofberkeley.info/,200
berkeleyperformance.demo.socrata.com,0,http://berkeleyperformance.demo.socrata.com,0
data.sunshinecoast.qld.gov.au,200,https://data.sunshinecoast.qld.gov.au/,200
noaa-fisheries-nwfsc.data.socrata.com,138,http://noaa-fisheries-nwfsc.data.socrata.com,0
bythenumbers.sco.ca.gov,90,http://bythenumbers.sco.ca.gov,0
results.livewellsd.org,171,http://results.livewellsd.org,403
erieco.data.socrata.com,6,https://erieco.data.socrata.com/,200
pleasantonpd.data.socrata.com,5,https://pleasantonpd.data.socrata.com/,200
miramarfl.data.socrata.com,0,http://miramarfl.data.socrata.com,0
internal-sandiegocounty.data.socrata.com,501,https://internal-sandiegocounty.data.socrata.com/login,200
data.oaklandca.gov,680,http://data.oaklandca.gov,0
texas-itcollab.data.socrata.com,0,http://texas-itcollab.data.socrata.com,0
data.cdc.gov,512,https://data.cdc.gov/,200
champaignil.data.socrata.com,3,https://champaignil.data.socrata.com/,200
dedhamma.data.socrata.com,2,https://dedhamma.data.socrata.com/,200
data.honolulu.gov,269,https://data.honolulu.gov/,200
data.maryland.gov,0,https://data.maryland.gov/login,200
greenfield-ma.data.socrata.com,2,https://greenfield-ma.data.socrata.com/,200
data.commerce.gov,45,https://data.commerce.gov/,200
lynnwoodwa.data.socrata.com,3,https://lynnwoodwa.data.socrata.com/,200
citystaug.data.socrata.com,6,https://citystaug.data.socrata.com/,200
highriskregions.auditor.ca.gov,197,https://highriskregions.auditor.ca.gov/,200
data.acgov.org,323,https://data.acgov.org/,200
coa-internal.demo.socrata.com,18,https://coa-internal.demo.socrata.com/login,200
youth-development-index-cs.demo.socrata.com,8,https://youth-development-index-cs.demo.socrata.com/,200
bridgeportct.data.socrata.com,6,https://bridgeportct.data.socrata.com/,200
gallatincomt.data.socrata.com,4,https://gallatincomt.data.socrata.com/,200
k3sheriff.data.socrata.com,0,https://k3sheriff.data.socrata.com/,200
claytonmo.data.socrata.com,0,https://claytonmo.data.socrata.com/,200
newportbeachca-portal.data.socrata.com,0,https://newportbeachca-portal.data.socrata.com/,200
data.lcb.wa.gov,59,https://data.lcb.wa.gov/,200
northmiamifl.data.socrata.com,3,https://northmiamifl.data.socrata.com/,200
montrosecounty.data.socrata.com,1,https://montrosecounty.data.socrata.com/,200
miami.demo.socrata.com,5,http://miami.demo.socrata.com,0
data.ny.gov,1187,https://data.ny.gov/,200
data.cms.gov,1032,https://data.cms.gov/,200
www.thedatazone.ca,54,http://www.thedatazone.ca,0
data.cityoforlando.net,57,https://data.cityoforlando.net/,200
rosevillepd.data.socrata.com,8,https://rosevillepd.data.socrata.com/,200
hickorync.data.socrata.com,2,http://hickorync.data.socrata.com,0
hindscountysd.data.socrata.com,1,https://hindscountysd.data.socrata.com/,200
henderson-performance-scgc.data.socrata.com,5,https://henderson-performance-scgc.data.socrata.com/,200
open-data-demo.mtc.ca.gov,0,https://open-data-demo.mtc.ca.gov/,200
data.princeedwardisland.ca,208,https://data.princeedwardisland.ca/,200
data.mesaaz.gov,21,https://data.mesaaz.gov/,200
results.iowa.gov,0,https://results.iowa.gov/,200
impact.stlouisco.com,137,https://impact.stlouisco.com/,200
plan-finder.data.medicare.gov,45,http://plan-finder.data.medicare.gov,0
data.smgov.net,89,https://data.smgov.net/,200
wicomicocountymd.data.socrata.com,0,https://wicomicocountymd.data.socrata.com/,200
ptsd-va.data.socrata.com,53,https://ptsd-va.data.socrata.com/,200
finances.worldbank.org,2179,https://finances.worldbank.org/,200
farmersbranchtx.data.socrata.com,1,https://farmersbranchtx.data.socrata.com/,200
mahoningcounty.data.socrata.com,7,https://mahoningcounty.data.socrata.com/,200
bis.data.commerce.gov,2,https://bis.data.commerce.gov/,200
amopen.amo.on.ca,99,https://amopen.amo.on.ca/,200
